history_id,material_id,recorded_date,average_rate,high_rate,low_rate,volume_traded_kg
"hist-lcd-1","lcd_panels","2026-08-30","61","72","52","280"
"hist-lcd-2","lcd_panels","2026-08-31","62","74","54","310"
"hist-lcd-3","lcd_panels","2026-09-01","63","75","54","350"
"hist-lcd-4","lcd_panels","2026-09-02","64","76","55","320"
"hist-lcd-5","lcd_panels","2026-09-03","65","78","55","410"
"hist-lcd-6","lcd_panels","2026-09-04","65","78","55","440"
"hist-lcd-7","lcd_panels","2026-09-05","65","78","55","420"
"hist-cab-1","cables","2026-08-30","174","195","160","840"
"hist-cab-2","cables","2026-08-31","175","198","162","920"
"hist-cab-3","cables","2026-09-01","176","200","164","1100"
"hist-cab-4","cables","2026-09-02","178","202","165","950"
"hist-cab-5","cables","2026-09-03","179","204","165","1250"
"hist-cab-6","cables","2026-09-04","180","205","165","1400"
"hist-cab-7","cables","2026-09-05","180","205","165","1320"
"hist-pcb-1","pcb","2026-08-30","320","380","290","420"
"hist-pcb-2","pcb","2026-08-31","325","390","300","480"
"hist-pcb-3","pcb","2026-09-01","330","400","305","560"
"hist-pcb-4","pcb","2026-09-02","338","410","310","610"
"hist-pcb-5","pcb","2026-09-03","345","415","310","690"
"hist-pcb-6","pcb","2026-09-04","350","420","310","780"
"hist-pcb-7","pcb","2026-09-05","350","420","310","740"
"hist-lap-1","laptops","2026-08-30","208","235","185","310"
"hist-lap-2","laptops","2026-08-31","209","238","188","340"
"hist-lap-3","laptops","2026-09-01","210","240","190","390"
"hist-lap-4","laptops","2026-09-02","210","240","190","420"
"hist-lap-5","laptops","2026-09-03","211","240","190","460"
"hist-lap-6","laptops","2026-09-04","210","240","190","510"
"hist-lap-7","laptops","2026-09-05","210","240","190","490"